{
    "USA": {
      "states": {
        "Alabama": [32.377716, -86.300568],
        "Alaska": [58.301598, -134.420212],
        "Arizona": [33.448376, -112.074036],
        "Arkansas": [34.746483, -92.289597],
        "California": [38.576668, -121.493629],
        "Colorado": [39.739235, -104.99025],
        "Connecticut": [41.765804, -72.673372],
        "Delaware": [39.158168, -75.524368],
        "Florida": [30.438118, -84.281296],
        "Georgia": [33.749, -84.388],
        "Hawaii": [21.307, -157.858],
        "Idaho": [43.617775, -116.199722],
        "Illinois": [39.798363, -89.654961],
        "Indiana": [39.768623, -86.162643],
        "Iowa": [41.586835, -93.625],
        "Kansas": [39.048191, -95.677956],
        "Kentucky": [38.186722, -84.875374],
        "Louisiana": [30.457069, -91.187393],
        "Maine": [44.307167, -69.781693],
        "Maryland": [38.978764, -76.490936],
        "Massachusetts": [42.360253, -71.058291],
        "Michigan": [42.733635, -84.555328],
        "Minnesota": [44.955097, -93.102211],
        "Mississippi": [32.298757, -90.18481],
        "Missouri": [38.576702, -92.173516],
        "Montana": [46.589146, -112.039105],
        "Nebraska": [40.813616, -96.702595],
        "Nevada": [39.163914, -119.766121],
        "New Hampshire": [43.206898, -71.537994],
        "New Jersey": [40.220596, -74.769913],
        "New Mexico": [35.68224, -105.939728],
        "New York": [42.652843, -73.757874],
        "North Carolina": [35.78043, -78.639099],
        "North Dakota": [46.82085, -100.783318],
        "Ohio": [39.961346, -82.999069],
        "Oklahoma": [35.46756, -97.516426],
        "Oregon": [44.942898, -123.035096],
        "Pennsylvania": [40.273191, -76.886701],
        "Rhode Island": [41.823989, -71.412834],
        "South Carolina": [34.00071, -81.034814],
        "South Dakota": [44.367031, -100.346405],
        "Tennessee": [36.162663, -86.781601],
        "Texas": [30.267153, -97.743057],
        "Utah": [40.760779, -111.891047],
        "Vermont": [44.262436, -72.580536],
        "Virginia": [37.540726, -77.43605],
        "Washington": [47.606209, -122.332069],
        "West Virginia": [38.349819, -81.632622],
        "Wisconsin": [43.074684, -89.384445],
        "Wyoming": [41.140259, -104.820236]
      }
    },
    "Canada": {
      "states": {
        "Ontario": [51.2538, -85.3232],
        "British Columbia": [53.7267, -127.6476],
        "Quebec": [52.9399, -73.5491]
      }
    },
    "Mongolia": {
      "states": {
        "Ulaanbaatar": [47.8864, 106.9057],
        "Erdenet": [49.0273, 104.044],
        "Darkhan": [49.4867, 105.9228]
      }
    }
  }